start,end,speaker,text
0.0,1.1610000000000582,C,Okay. Compass?
1.8410000000001219,2.1410000000000764,R,Yes.
2.602000000000089,7.085000000000036,C,That's what I said too. We really don't want them turning around and going back on themselves.
7.565000000000055,10.886999999999944,R,"No. We need them to have a compass, so that's a yes."
11.38799999999992,11.66800000000012,C,Okay.
