start,end,speaker,text
0.0,0.7800000000000011,C,"Map, I said yes."
1.3010000000000161,2.7009999999999934,R,"Yep, map yes, otherwise it'll get"
