start,end,speaker,text
0.0,2.1020000000000003,C,"Okay, well, the first one is a ball of steel, Will."
2.7620000000000005,6.744999999999997,R,Yep. Um... I said no.
8.117,8.396999999999998,C,Sorry?
8.936999999999998,9.398,R,I said no.
10.297999999999998,13.419,C,"Oh, okay. Um, yeah, I said no as well. Um,"
