start,end,speaker,text
0.0,2.040999999999997,C,"Um, the whiskey. Yeah. I said no."
2.4420000000000073,3.1020000000000323,R,I said no as well.
3.423000000000002,5.824999999999989,C,Mm-hmm. I guess we can agree on that then.
