start,end,speaker,text
0.0,1.6019999999999968,C,The first item on the list.
3.1229999999999976,4.984000000000002,R,"Yes, the balls, steel wool."
5.600000000000001,7.341000000000001,C,What is your reckoning with that?
7.481000000000002,8.341000000000001,R,I said yes.
9.262,14.904999999999994,C,"I think yes as well, because steel wool is a good thing for, it's easy to set fire to."
15.524999999999999,20.147,R,"Yeah, I think we can go for a yes with that one."
20.246999999999993,21.948,C,"Right, okay."
