start,end,speaker,text
0.0,1.4199999999999875,R,about the cigarette lighter?
2.3409999999999798,6.462999999999994,C,Good sparks start flitting in it. Setting fire to the steel wool.
7.4839999999999804,7.6839999999999975,R,Yep.
7.903999999999996,8.304000000000002,C,Yes.
8.884999999999991,9.125,R,Yes.
