start,end,speaker,text
0.0,1.240000000000009,C,"Number two, a small axe."
2.341000000000008,3.2210000000000036,R,I said yes again.
3.2409999999999997,8.183999999999997,C,"I thought yes, yeah, for wood on the... Come in handy."
