start,end,speaker,text
0.0,1.481000000000023,C,compass! Yes!
1.5010000000000048,2.02200000000002,R,I said yes.
2.52200000000002,3.8840000000000146,C,"Yes, on the compass. I"
