start,end,speaker,text
0.0,0.6000000000000227,R,"Oh, the compass."
2.1410000000000196,2.3810000000000286,C,Yes.
2.9209999999999923,9.144999999999982,R,"Yes, as well. They'll need to navigate with the maps. And"
