start,end,speaker,text
0.0,2.8019999999999996,C,"So the first one, a ball of steel wool."
3.4619999999999997,5.664,R,Aha. What did you put for that?
5.683999999999999,6.584000000000001,C,I put no.
7.063999999999998,10.527,R,"I put no as well, because I thought, what's it useful for?"
10.906999999999998,13.168999999999999,C,"Yeah, pretty much nothing, as far as I can tell."
13.569,15.17,R,"Yeah, so shall we put no for that?"
15.49,16.790999999999997,C,"Right, no is a consensus."
17.331000000000003,19.512999999999998,R,No. Yeah.
