start,end,speaker,text
0.0,1.4009999999999962,C,What about the pistol?
2.861000000000004,3.1410000000000053,R,No.
3.841000000000008,7.582999999999998,C,"Yeah, I've got one of those as well. Seems pretty dramatic."
