start,end,speaker,text
0.0,1.5819999999999936,C,Extra shirt and trousers for each survivor?
3.3429999999999893,3.782999999999987,R,Yes.
4.704000000000008,4.963999999999999,C,Yeah.
6.125,10.489000000000004,R,"Purely just because of warmth, yeah. Yeah, I think it's pretty essential."
