start,end,speaker,text
0.0,0.48099999999999454,C,The whiskey?
1.5409999999999968,1.8009999999999877,R,No.
3.0020000000000095,4.242999999999995,C,"Yeah, I'll go for no as well."
