start,end,speaker,text
0.0,2.8619999999999948,C,"Extra shirt and trousers, I thought yes."
3.342000000000013,4.122000000000014,R,"Yeah, definitely."
4.663000000000011,7.343999999999994,C,Just to keep them extra warm or if they get wet with the snow.
7.924000000000007,8.72399999999999,R,"Yep, absolutely."
