start,end,speaker,text
0.0,5.483000000000004,R,"The next one I wasn't sure of, I've put a sectional air map, an air map made of plastic."
7.903999999999996,10.525999999999982,C,"I just wrote no for that, I didn't see any use for that."
10.98599999999999,14.907999999999987,R,"Yeah, I've written no as well. So go with no."
15.822000000000003,16.061999999999983,C,Yep.
17.042999999999978,17.282999999999987,R,Okay.
