start,end,speaker,text
0.0,0.5400000000000205,C,I wrote no.
0.5600000000000023,2.18100000000004,R,I wrote no as well.
2.4209999999999923,4.242000000000019,C,"Okay, good. Yay! Let's just stick with"
