start,end,speaker,text
0.0,0.8410000000000082,C,The compass.
1.8210000000000264,2.562000000000012,R,I've said yes.
2.802000000000021,4.302999999999997,C,"Yes, so have I. Right."
4.58299999999997,5.302999999999997,R,"Oh, well, that's good."
7.576999999999998,13.322000000000003,C,the rescue team could tell them what direction to go was my theory okay
