start,end,speaker,text
0.0,0.3599999999999568,R,lighter?
1.3209999999999695,3.141999999999996,C,"I said no, because it's not fluid."
3.6819999999999595,8.124999999999943,R,"OK, so I said yes because of the newspapers, because I thought you could use the flint."
8.944999999999993,9.685999999999979,C,So that's fine.
9.70599999999996,13.046999999999969,R,"So if we're not taking the newspapers, there's no point having the cigarette lighter."
13.507999999999981,13.867999999999995,C,OK.
