start,end,speaker,text
0.0,1.6599999999999682,C,I said yes for number seven.
2.0009999999999764,3.2609999999999673,R,"Yes, so did I. OK."
3.2810000000000628,4.022000000000048,C,That's good.
