start,end,speaker,text
0.0,5.625,C,I said yes to a compass yeah I think that's pretty if you've got a map you want a compass so yeah
6.001000000000033,7.2620000000000005,R,That's quite sensible.
7.702000000000055,10.224000000000046,C,"Yeah, and it's a little thing that you can just have in your pocket."
10.644000000000005,10.885000000000048,R,Yeah.
11.505000000000052,11.765000000000043,C,Cool.
11.785000000000025,11.865000000000009,R,And
