start,end,speaker,text
0.0,0.8000000000000114,R,The newspapers.
2.600999999999999,3.7609999999999957,C,I said no for that as well.
3.781000000000006,6.021000000000015,R,"Yeah, I can't see a purpose for them."
6.040999999999997,10.50200000000001,C,"I mean, it might help them keep a little bit warm, but they're just tiny sheets of paper."
10.683000000000021,12.763000000000005,R,"Exactly, and yeah, no."
13.203000000000003,13.683000000000021,C,We'll go no.
