start,end,speaker,text
0.0,2.602000000000004,R,"Okay, a sectional air map made of plastic."
3.5420000000000016,8.224000000000018,C,I said no for that because I would have thought the only people who could read the air map would have been the pilots.
8.524000000000001,9.685000000000002,R,"Yeah, exactly, yeah."
10.593000000000018,11.473000000000013,C,So say no for that?
11.553000000000026,14.394000000000005,R,"Yeah, it's not going to be of benefit to them."
14.53400000000002,14.814000000000021,C,No.
