start,end,speaker,text
0.0,1.5200000000000387,UNKNOWN,And for the last one?
2.18100000000004,3.4610000000000127,C,"The chocolate, yeah."
3.501000000000033,6.463000000000022,R,"I say energy and food, basically."
6.682999999999993,8.944000000000017,C,"Yeah, because they haven't taken the bar, so they need something to eat."
9.343999999999994,11.504999999999995,R,Yeah. Chocolate musky sounds good.
