start,end,speaker,text
0.0,0.5200000000000102,C,Can of butter?
1.2010000000000076,1.7409999999999997,R,I said no.
2.1210000000000093,4.403000000000006,C,"That's okay, I said no to that one as well. Okay."
