start,end,speaker,text
0.0,1.9610000000000127,R,"This next one, what did you put for that?"
2.4220000000000255,2.701999999999998,C,Yes.
3.381999999999948,6.1440000000000055,R,"Yes, I put it too."
6.444999999999936,7.805999999999926,C,It's gonna be freezing.
8.805999999999926,14.890999999999963,R,"Exactly, and they've only got closed for like a business meeting, so. Yeah. Definitely."
