start,end,speaker,text
0.0,3.3019999999999925,R,And the clothes? I said yes to the clothes.
3.703000000000003,6.824999999999989,C,"Yeah, so did I, just to keep warm because they're in business."
6.865000000000009,7.085000000000008,R,Yeah.
7.786000000000001,8.825999999999993,C,Yeah. Okay.
