start,end,speaker,text
0.0,3.983000000000004,R,"And then I've said no to the cigarette lighter. So have I, because I didn't include work."
4.663000000000011,4.804000000000002,C,No.
5.7239999999999895,5.984000000000009,R,Okay.
