start,end,speaker,text
0.0,0.9010000000000105,C,And what about the whiskey?
1.882000000000005,2.4420000000000073,R,I said no.
3.201999999999998,5.463999999999999,C,"No, so did I. I don't think it's that necessary."
