start,end,speaker,text
0.0,1.021000000000015,C,extra shirt and trousers?
1.6820000000000164,2.6820000000000164,R,"Yes, I said that one."
3.0230000000000246,3.3629999999999995,C,Okay.
