start,end,speaker,text
0.0,1.561,R,a ball of steel wool. Right.
1.8810000000000002,6.343999999999998,C,Okay. I couldn't think of any particular reason to take that.
7.032999999999998,8.913999999999998,R,"Yeah, me neither. I couldn't think of anything."
9.193999999999999,12.315999999999999,C,"Right, that was easy then. Next one?"
12.335999999999999,12.355999999999998,R,A
