start,end,speaker,text
0.0,1.3009999999999877,R,The sectional air map?
4.342999999999989,6.224999999999994,C,I also said yes for that as well.
6.2450000000000045,8.045999999999992,R,"Yeah, me too. Okay, good."
