start,end,speaker,text
0.0,0.7809999999999775,R,The newspapers?
3.9509999999999934,5.231999999999999,C,I said no.
5.251999999999981,11.373999999999995,R,I said no as well because I thought how are they going to light them without any cigarette lighter fluid? Yeah.
11.833999999999975,13.95399999999998,C,"Okay, we'll just say no then. Okay."
14.894999999999982,15.054999999999978,R,"Um,"
