start,end,speaker,text
0.0,0.8799999999999955,R,and no cigarette lighter?
0.9000000000000057,3.4609999999999843,C,I also said no for that as well.
3.540999999999997,5.662000000000006,R,"Yeah, me too. Okay."
