start,end,speaker,text
0.0,0.7410000000000139,R,The whiskey?
2.3640000000000043,3.2050000000000125,C,I said no for the whisky.
3.2849999999999966,6.546999999999997,R,"I said no, I just thought it was a bit drunken and end up in crisis."
6.567000000000007,7.9269999999999925,C,I'm not sure I could help.
7.947000000000003,11.408999999999992,R,"I originally did say no because I thought maybe they could follow, I don't know,"
