start,end,speaker,text
0.0,0.820999999999998,R,the pistol?
2.320999999999998,3.3419999999999987,C,I said no for that one.
3.7210000000000036,7.624000000000009,R,I said no too. Okay. Okay. I just had visions of them killing themselves.
8.224000000000004,11.426000000000002,C,"Yeah, yeah. So is this on? Yeah."
12.186999999999998,12.326999999999998,R,They
