start,end,speaker,text
0.0,1.5620000000000118,R,The heavy-duty canvas?
1.921999999999997,2.602000000000004,C,I said yes.
2.8220000000000027,3.5430000000000064,R,"Yeah, me too."
