start,end,speaker,text
0.0,0.6800000000000068,R,The newspapers?
1.2000000000000028,2.799999999999997,C,"Yeah, newspapers. I said no as well."
2.9399999999999977,5.4210000000000065,R,"Yeah, same here."
