start,end,speaker,text
0.0,3.002999999999986,C,um extra clothes i'd say yes
3.002999999999986,4.861999999999995,R, yeah i said yes as well
