start,end,speaker,text
0.0,4.900000000000006,C,"um the piece of heavy duty cameras Um, I said yes."
5.400000000000006,5.6200000000000045,R,Yes.
5.640000000000015,9.342000000000013,C,"Sounds about right. For like, doing stuff, yeah."
9.362000000000023,10.482000000000028,R,"Coming in shelter, yeah."
10.682000000000016,12.083000000000027,C,Yeah.
