start,end,speaker,text
0.0,2.4610000000000127,R,"Um, a sectional air mat made of plastic."
3.162000000000006,4.421999999999997,C,"Yeah, I said yes for that as well."
4.562000000000012,5.423000000000002,R,"I said as well, yeah."
5.742999999999995,7.424000000000007,C,Yeah. Okay.
