start,end,speaker,text
0.0,0.8199999999999932,R,And the chocolate.
1.5409999999999968,2.080999999999989,C,I'd put yes.
2.5009999999999764,4.621999999999986,R,"Yeah, just for the energy and... Yeah, yeah."
5.482999999999976,5.842999999999989,C,Okay.
