start,end,speaker,text
0.0,3.4209999999999923,C,"So, the cigarette lighter would obviously go with the newspaper then."
3.9410000000000025,4.161000000000001,R,Yes.
4.720999999999989,4.9410000000000025,C,Yes.
