start,end,speaker,text
0.0,1.3410000000000082,R,I put yes for the extra clothes.
1.5409999999999968,3.040999999999997,C,"Yeah, so did I. Okay, let's see."
3.0609999999999786,4.9010000000000105,R,We'll stick with that. Yeah.
