start,end,speaker,text
0.0,0.6000000000000227,C,And the whiskey?
1.0600000000000591,5.262000000000057,R,I said no. So did I. I don't see the
