start,end,speaker,text
0.0,0.6200000000000045,R,can of butter?
1.740000000000009,2.2799999999999727,C,I put no.
2.7200000000000273,4.701000000000022,R,I think no. I don't see any use in it whatsoever.
4.721000000000004,5.9010000000000105,C,I need it to die.
6.321000000000026,7.100999999999999,R,"Okay, cool."
