start,end,speaker,text
0.0,0.8410000000000011,R,ball of steel wool.
1.2409999999999997,7.226000000000001,C,Ball of steel. I don't think that's necessary.
8.026000000000002,8.747000000000002,R,I don't think so either.
9.427000000000001,13.47,C,"Okay then, quite an easy consensus."
15.011000000000001,15.132,R,The
