start,end,speaker,text
0.0,1.3410000000000082,R,Next one was the can of butter.
2.3009999999999877,3.8019999999999925,C,"Okay, I said yes for this one."
3.8220000000000027,5.783999999999992,R,I said yes for that one as well.
6.1440000000000055,11.548000000000002,C,"Yay! Okay. Yeah, just because fat reserves and stuff."
11.96799999999999,13.508999999999986,R,"Yeah, high fat keep you going."
14.028999999999996,15.090000000000003,C,"Yeah, definitely."
