start,end,speaker,text
0.0,0.7210000000000036,R,one's a compass.
1.5209999999999582,2.0810000000000173,C,Okay.
2.4209999999999354,3.4220000000000255,R,I put yes for the compass.
3.8220000000000027,8.365000000000009,C,I put yes as well. Okay.
