start,end,speaker,text
0.0,4.76400000000001,C,number seven is extra shirts and trousers for each survivor.
5.805000000000007,5.985000000000014,UNKNOWN,Yep.
6.805000000000007,7.1059999999999945,C,Okay.
7.5260000000000105,8.447000000000003,R,For that one I said no.
9.007000000000005,15.608000000000004,C,I said no as well. Yeah? Okay. No.
