start,end,speaker,text
0.0,0.5399999999999991,C,The second one?
3.362000000000002,4.942999999999998,R,"Small axe, I've put yes."
5.503,8.644999999999996,C,"Yep, so have I. Sounds quite useful. Yeah."
11.146999999999998,16.17,R,"Well, because it's going to be cold. Fire is probably going to be good. Kung wood, that kind of thing."
16.753999999999998,16.894,C,Yep.
17.653999999999996,18.494999999999997,R,That's what I was thinking.
19.174999999999997,20.275999999999996,C,"Yep, same here."
