start,end,speaker,text
0.0,1.5009999999999764,C,And then the chocolate bars.
3.2029999999999745,4.1229999999999905,R,I said yeah.
4.564000000000021,5.524999999999977,C,I said yes for that as well.
5.865000000000009,7.165999999999997,R,I think you'd be a fool not to.
7.706000000000017,7.906000000000006,C,Yeah.
