start,end,speaker,text
0.0,5.041999999999998,C,"So, for the first one, a ball of steel wool. Yeah. I put no."
5.789999999999999,10.572999999999997,R,I put no as well. I think it's heavy and unnecessary.
11.394000000000002,12.895,C,"Yeah, I don't even know what would be done with that."
13.734999999999996,13.934999999999999,R,No.
15.475999999999996,17.117,C,"So, we can agree on no?"
17.477999999999998,18.237999999999996,R,"Yeah, agreed."
