start,end,speaker,text
0.0,1.3000000000000114,C,"we obviously need, yeah? Yep."
1.7200000000000273,2.680999999999983,R,You're happy with the compass?
3.040999999999997,3.2210000000000036,C,Mm-hmm.
