start,end,speaker,text
0.0,0.9599999999999795,R,Extra shirt and trousers?
1.5810000000000173,1.8210000000000264,C,Yes.
2.3810000000000286,6.283999999999992,R,I was a definite for that. And
