start,end,speaker,text
0.0,0.6000000000000227,C,I said yes.
1.3410000000000082,1.5409999999999968,UNKNOWN,Yep.
3.8419999999999845,6.403999999999996,R,"Even if it is an air map, at least you've got to know where to go."
