start,end,speaker,text
0.0,3.703000000000003,C,A cigarette lighter without fluid. I don't think that'd be useful.
4.364000000000004,5.425000000000011,R,So I put no.
5.444999999999993,5.885999999999996,C,Not at all.
5.906000000000006,7.287000000000006,R,"I put no. Yeah, let's put no."
