start,end,speaker,text
0.0,2.8419999999999845,C,Newspaper? No.
2.882000000000005,5.543999999999983,R,"Without a cigarette lighter, it's pretty much useless, yeah?"
6.324999999999989,7.045000000000016,C,"Okay, I agree."
