start,end,speaker,text
0.0,3.663000000000011,C,"Heavy canvas, we've spoken about why. Yes."
6.146000000000015,11.160000000000025,R,To make some sort of... covering for protection from the weather?
11.939999999999998,12.300000000000011,C,Correct.
13.5,13.840000000000032,R,Okay.
