start,end,speaker,text
0.0,0.9009999999999536,C,so compass to me.
0.9809999999999945,1.4209999999999354,R,"Compass, yes."
1.7010000000000218,2.800999999999931,C,"Obviously, yes."
