start,end,speaker,text
0.0,0.8410000000000082,C,"Right, shirt and trousers."
1.3410000000000082,1.5209999999999582,R,Oh my
