start,end,speaker,text
0.0,1.2210000000000036,R,"chocolate bars, I said yes to."
2.302000000000021,3.7030000000000314,C,"Yes, chocolate bar."
3.723000000000013,5.184000000000026,R,The only source of food.
5.90500000000003,10.349000000000046,C,"Not leaving any food behind, I think, is important. Yeah."
