start,end,speaker,text
0.0,2.900999999999982,R,"Sectional air map made of plastic, I said yes to."
2.9209999999999923,5.001999999999981,C,"Yeah, myself as well."
5.742999999999995,7.082999999999998,R,"Okay, good."
