start,end,speaker,text
0.0,1.8620000000000019,R,"a small axe, I've said isn't necessary."
3.0020000000000024,3.983000000000004,C,"Is necessary, you said."
5.103999999999999,6.1640000000000015,R,"I said isn't, is not."
6.323999999999998,8.585999999999999,C,"Oh, I said that as well. Yes. Okay."
9.627000000000002,10.707,R,"Okay. Um,"
