start,end,speaker,text
0.0,1.2210000000000036,R,"The compass, I said yes to."
2.2819999999999823,4.76400000000001,C,"Yeah, without a doubt, you need to have a compass."
5.805000000000007,5.925000000000011,R,And
