start,end,speaker,text
0.0,0.9599999999999795,C,What about the whiskey then?
1.7609999999999673,6.425999999999988,R,"I said no, because if they're hypothermic, that's going to make them worse."
7.065999999999974,8.70799999999997,C,"Yeah, I've got no as well."
9.183999999999969,11.745999999999981,R,"And we don't want them drunk out there, do we?"
11.765999999999963,14.927999999999997,C,"No. No, not really. Okay."
15.288999999999987,15.388999999999953,R,The
