start,end,speaker,text
0.0,0.6599999999999966,R,newspapers.
2.2179999999999893,2.7779999999999916,C,I've put no.
3.298000000000002,8.900000000000006,R,So did I. Too bulky to be carrying around and not much purpose.
