start,end,speaker,text
0.0,0.8410000000000011,R,Smallax?
1.3610000000000042,3.0420000000000016,C,I think that would be a good thing to have.
3.082000000000008,4.784000000000006,R,"Yeah, so did I."
