start,end,speaker,text
0.0,0.7999999999999545,R,And the chocolate.
1.36099999999999,2.020999999999958,C,"Yes, definitely."
2.0609999999999786,4.210999999999956,R,"Yep, uh-huh. Okay."
