Start Time,End Time,Speaker,Word
0.0,0.22000000000002728,C,"Map,"
0.28000000000000114,0.3400000000000034,C,I
0.3800000000000239,0.5400000000000205,C,said
0.5800000000000125,0.7800000000000011,C,yes.
1.3010000000000161,1.5410000000000252,R,"Yep,"
1.6409999999999911,1.8410000000000366,R,map
1.8610000000000184,2.080999999999989,R,"yes,"
2.1210000000000093,2.3810000000000002,R,otherwise
2.401000000000039,2.580999999999989,R,it'll
2.6010000000000275,2.7009999999999934,R,get
