Start Time,End Time,Speaker,Word
0.0,0.13999999999998636,C,And
0.2799999999999727,0.31999999999993634,C,a
0.35999999999989996,0.8199999999999363,C,"compass,"
0.9799999999999045,1.3209999999999127,C,yes.
2.100999999999999,2.2609999999999673,C,"Yep,"
2.300999999999931,2.54099999999994,C,"just,"
3.1019999999999754,3.3019999999999072,C,"yeah,"
3.3419999999999845,3.5019999999999527,C,yes.
