Start Time,End Time,Speaker,Word
0.0,0.5400000000000205,C,compass!
1.1210000000000093,1.481000000000023,C,Yes!
1.5010000000000048,1.521000000000015,R,I
1.5410000000000252,1.7220000000000084,R,said
1.7420000000000186,2.02200000000002,R,yes.
2.52200000000002,2.90300000000002,C,"Yes,"
3.0430000000000064,3.163000000000011,C,on
3.183000000000021,3.2630000000000052,C,the
3.3030000000000257,3.8440000000000225,C,compass.
3.8640000000000043,3.8840000000000146,C,I
