Start Time,End Time,Speaker,Word
0.0,0.10000000000002274,C,The
0.12000000000000455,0.48099999999999454,C,whiskey?
1.5409999999999968,1.8009999999999877,R,No.
3.0020000000000095,3.1820000000000164,C,"Yeah,"
3.382000000000005,3.4820000000000277,C,I'll
3.5020000000000095,3.643000000000029,C,go
3.663000000000011,3.7830000000000155,C,for
3.8029999999999973,3.923000000000002,C,no
3.9630000000000223,4.043000000000006,C,as
4.062999999999988,4.242999999999995,C,well.
