Start Time,End Time,Speaker,Word
0.0,0.040000000000020464,C,A
0.08000000000004093,0.4600000000000364,C,compass?
1.0600000000000023,1.4010000000000105,R,Yes.
2.100999999999999,2.4209999999999923,C,Yeah.
