Start Time,End Time,Speaker,Word
0.0,0.2610000000000241,C,extra
0.2810000000000059,0.46100000000001273,C,shirt
0.48100000000002296,0.5810000000000173,C,and
0.6009999999999991,1.021000000000015,C,trousers?
1.6820000000000164,1.9420000000000073,R,"Yes,"
2.0420000000000016,2.102000000000004,R,I
2.122000000000014,2.2620000000000005,R,said
2.2820000000000107,2.52200000000002,R,that
2.602000000000004,2.6820000000000164,R,one.
3.0230000000000246,3.3629999999999995,C,Okay.
