Start Time,End Time,Speaker,Word
0.0,0.12100000000000932,R,The
0.1810000000000116,1.1210000000000093,R,heavy-duty
1.1409999999999911,1.5620000000000118,R,canvas?
1.921999999999997,1.9819999999999993,C,I
2.0219999999999914,2.201999999999998,C,said
2.2419999999999902,2.602000000000004,C,yes.
2.8220000000000027,3.0829999999999984,R,"Yeah,"
3.1229999999999905,3.282999999999987,R,me
3.3029999999999973,3.5430000000000064,R,too.
