Start Time,End Time,Speaker,Word
0.0,0.18000000000000682,R,And
0.7210000000000036,0.86099999999999,R,then
0.8809999999999718,1.0409999999999968,R,just
1.0609999999999786,1.1610000000000014,R,the
1.200999999999965,1.5810000000000173,R,chocolate
1.620999999999981,1.781000000000006,R,which
1.8209999999999695,1.9610000000000127,R,we
2.021000000000015,2.4610000000000127,R,already
