Start Time,End Time,Speaker,Word
0.0,0.5,R,compass?
1.0,1.4809999999999945,C,"Compass,"
1.521000000000015,1.8410000000000082,C,yes.
3.2820000000000107,3.3619999999999948,C,I'd
3.4020000000000152,3.562000000000012,C,put
3.582000000000022,3.7820000000000107,C,yeah.
4.282000000000011,4.52200000000002,C,"Yeah,"
4.542000000000002,4.662000000000006,C,same
4.701999999999998,4.88300000000001,C,here.
5.263000000000005,5.543000000000006,C,Yes.
