Start Time,End Time,Speaker,Word
0.0,0.22000000000002728,R,yes
0.28000000000002956,0.4800000000000182,R,"then,"
0.6999999999999886,1.100999999999999,R,therefore
1.1210000000000377,1.2210000000000036,R,for
1.2410000000000423,1.3009999999999877,R,the
1.3210000000000264,1.6410000000000196,R,lighter
1.7210000000000036,1.781000000000006,R,as
1.8210000000000264,2.040999999999997,R,well.
2.4220000000000255,2.722000000000037,C,Yes.
