Start Time,End Time,Speaker,Word
0.0,0.15999999999996817,R,shirt
0.1999999999999318,0.33999999999991815,R,and
0.37999999999999545,0.6999999999999318,R,trousers
0.7400000000000091,0.8199999999999363,R,for
0.8600000000000136,1.3399999999999181,R,"survivors,"
1.3600000000000136,1.8210000000000264,R,yeah.
3.0330000000000155,3.4329999999999927,R,"Yep,"
3.5529999999999973,3.65300000000002,R,I
3.673000000000002,3.7730000000000246,R,put
3.83299999999997,3.994000000000028,R,yes
