Start Time,End Time,Speaker,Word
0.0,0.7409999999999854,C,lighter?
1.3210000000000264,1.4209999999999923,R,It's
1.4610000000000127,1.9420000000000073,R,without
1.9820000000000277,2.1620000000000346,R,"wood,"
2.4220000000000255,2.622000000000014,R,but
3.3029999999999973,3.3829999999999814,R,you
3.40300000000002,3.90300000000002,R,could
4.8840000000000146,4.9839999999999804,R,use
5.024000000000001,5.064000000000021,R,a
5.084000000000003,5.8040000000000305,R,spark.
