Start Time,End Time,Speaker,Word
0.0,0.16099999999994452,C,so
0.20100000000002183,0.6409999999999627,C,compass
0.6609999999999445,0.7210000000000036,C,to
0.7609999999999673,0.9009999999999536,C,me.
0.9809999999999945,1.3410000000000082,R,"Compass,"
1.36099999999999,1.4209999999999354,R,yes.
1.7010000000000218,2.300999999999931,C,"Obviously,"
2.54099999999994,2.800999999999931,C,yes.
