Start Time,End Time,Speaker,Word
0.0,0.22000000000002728,C,"Right,"
0.2599999999999909,0.3809999999999718,C,shirt
0.4009999999999536,0.46100000000001273,C,and
0.48099999999999454,0.8410000000000082,C,trousers.
1.3410000000000082,1.4209999999999354,R,Oh
1.441000000000031,1.5209999999999582,R,my
