Start Time,End Time,Speaker,Word
0.0,0.5600000000000023,R,definitely.
1.021000000000015,1.2410000000000423,C,Yeah.
