Start Time,End Time,Speaker,Word
0.0,0.15999999999996817,R,And
0.21999999999997044,0.3599999999999568,R,the
0.39999999999997726,0.7999999999999545,R,chocolate.
1.36099999999999,1.5609999999999786,C,"Yes,"
1.5809999999999604,2.020999999999958,C,definitely.
2.0609999999999786,2.2409999999999854,R,"Yep,"
2.2609999999999673,2.620999999999981,R,uh-huh.
3.930999999999983,4.210999999999956,R,Okay.
